,precision,p_iqr,recall,r_iqr,f1-score,f_iqr,accuracy,a_iqr
0,0.94375,0.06954887218045125,0.9428104575163399,0.038461538461538325,0.9473684210526316,0.048823016564952026,0.9962335216572504,0.005649717514124242
